segment_name,customer_count,avg_cltv,avg_monthly_charges,avg_total_charges,avg_tenure,churned_count,churn_rate,avg_risk_score,customer_percentage,total_cltv_value,cltv_percentage,retention_rate,segment_rank
High Value Loyal,1139,4964.13,80.49,4959.75,60.9,56,4.92,6.91,16.172085758909553,5654144.07,43.27589228037232,95.08,1.0
Medium Value Stable,1546,2907.66,60.85,2912.77,49.2,157,10.16,18.87,21.95087320744001,4495242.359999999,25.34816391753386,89.84,2.0
Standard,1695,2048.74,57.93,2046.15,31.7,361,21.3,32.45,24.06644895641062,3472614.3,17.860340392070707,78.7,3.0
High Risk,1641,1370.95,79.93,1372.1,14.9,979,59.66,73.77,23.29973022859577,2249728.95,11.951557376977725,40.34,4.0
New Customers,1022,179.41,40.1,180.05,4.3,316,30.92,51.62,14.510861848644044,183357.02,1.5640460330453871,69.08,5.0
